[{"velocitat_compressio":0.30239805082480115,"velocitat_descompressio":0.0,"num_compressions":3.0,"temps_compressio":1298.3333333333333,"id":"LZW","temps_descompressio":0.0,"percentatge_compressio":83.49196116129558,"percentatge_descompressio":0.0,"num_descompressions":0.0},{"velocitat_compressio":0.0,"velocitat_descompressio":0.0,"num_compressions":0.0,"temps_compressio":0.0,"id":"LZSS","temps_descompressio":0.0,"percentatge_compressio":0.0,"percentatge_descompressio":0.0,"num_descompressions":0.0},{"velocitat_compressio":0.0,"velocitat_descompressio":0.0,"num_compressions":0.0,"temps_compressio":0.0,"id":"LZ78","temps_descompressio":0.0,"percentatge_compressio":0.0,"percentatge_descompressio":0.0,"num_descompressions":0.0},{"velocitat_compressio":0.0,"velocitat_descompressio":0.0,"num_compressions":0.0,"temps_compressio":0.0,"id":"JPEG","temps_descompressio":0.0,"percentatge_compressio":0.0,"percentatge_descompressio":0.0,"num_descompressions":0.0}]